,crp_cd,crp_cls,crp_nm,flr_nm,rcp_dt,rcp_no,rmk,rpt_nm
0,000660,Y,SK하이닉스,정종호,20171229,20171229000470,,임원ㆍ주요주주특정증권등소유상황보고서
1,000660,Y,SK하이닉스,국민연금공단,20171227,20171227000019,,임원ㆍ주요주주특정증권등소유상황보고서
2,000660,Y,SK하이닉스,SK하이닉스,20171221,20171221000040,공,특수관계인으로부터자산양수
3,000660,Y,SK하이닉스,SK하이닉스,20171221,20171221000034,공,특수관계인에대한출자
4,000660,Y,SK하이닉스,SK하이닉스,20171221,20171221000016,정,주식매수선택권부여에관한신고
5,000660,Y,SK하이닉스,SK하이닉스,20171219,20171219000321,공,약관에의한금융거래시계열금융회사의거래상대방의공시
6,000660,Y,SK하이닉스,SK하이닉스,20171219,20171219000320,공,특수관계인에대한출자
7,000660,Y,SK하이닉스,SK하이닉스,20171219,20171219000308,공,동일인등출자계열회사와의상품ㆍ용역거래
8,000660,Y,SK하이닉스,SK하이닉스,20171219,20171219000299,공,특수관계인과의내부거래
9,000660,Y,SK하이닉스,SK하이닉스,20171219,20171219000291,공,특수관계인과의내부거래
10,000660,Y,SK하이닉스,국민연금공단,20171211,20171211000312,,임원ㆍ주요주주특정증권등소유상황보고서
11,000660,Y,SK하이닉스,SK하이닉스,20171130,20171130000679,공,대규모기업집단현황공시[분기별공시(개별회사용)]
12,000660,Y,SK하이닉스,SK하이닉스,20171114,20171114002328,,분기보고서 (2017.09)
13,000660,Y,SK하이닉스,정종호,20171030,20171030000306,,임원ㆍ주요주주특정증권등소유상황보고서
14,000660,Y,SK하이닉스,SK하이닉스,20171026,20171026000157,공,특수관계인으로부터자산양수
15,000660,Y,SK하이닉스,SK하이닉스,20171026,20171026800015,유,연결재무제표기준영업(잠정)실적(공정공시)
16,000660,Y,SK하이닉스,SK하이닉스,20171011,20171011800260,유,기업설명회(IR)개최(안내공시)
17,000660,Y,SK하이닉스,SK하이닉스,20171010,20171010000387,공,계열금융회사를거래상대방으로한단기금융상품거래의분기별공시
18,000660,Y,SK하이닉스,국민연금공단,20171010,20171010000015,,임원ㆍ주요주주특정증권등소유상황보고서
19,000660,Y,SK하이닉스,SK하이닉스,20170927,20170927800386,유,타법인주식및출자증권취득결정
20,000660,Y,SK하이닉스,SK하이닉스,20170927,20170927800378,유,타법인주식및출자증권취득결정
21,000660,Y,SK하이닉스,SK하이닉스,20170926,20170926000173,공,약관에의한금융거래시계열금융회사의거래상대방의공시
22,000660,Y,SK하이닉스,SK하이닉스,20170926,20170926000158,공,동일인등출자계열회사와의상품ㆍ용역거래
23,000660,Y,SK하이닉스,SK하이닉스,20170921,20170921800156,유,기타경영사항(자율공시)
24,000660,Y,SK하이닉스,정종호,20170920,20170920000253,,임원ㆍ주요주주특정증권등소유상황보고서
25,000660,Y,SK하이닉스,SK텔레콤,20170906,20170906000353,,주식등의대량보유상황보고서(일반)
26,000660,Y,SK하이닉스,SK하이닉스,20170906,20170906800348,유,최대주주등소유주식변동신고서
27,000660,Y,SK하이닉스,김준호,20170906,20170906000238,,임원ㆍ주요주주특정증권등소유상황보고서
28,000660,Y,SK하이닉스,SK하이닉스,20170831,20170831000182,공,대규모기업집단현황공시[분기별공시(개별회사용)]
29,000660,Y,SK하이닉스,국민연금공단,20170817,20170817000017,,임원ㆍ주요주주특정증권등소유상황보고서
30,000660,Y,SK하이닉스,SK하이닉스,20170814,20170814002182,,반기보고서 (2017.06)
31,000660,Y,SK하이닉스,SK하이닉스,20170814,20170814002171,,[기재정정]분기보고서 (2017.03)
32,000660,Y,SK하이닉스,국민연금공단,20170808,20170808000394,,임원ㆍ주요주주특정증권등소유상황보고서
33,000660,Y,SK하이닉스,이상철,20170731,20170731000246,,임원ㆍ주요주주특정증권등소유상황보고서
34,000660,Y,SK하이닉스,SK하이닉스,20170727,20170727000053,공,특수관계인으로부터기술이전
35,000660,Y,SK하이닉스,SK하이닉스,20170727,20170727000051,공,특수관계인에대한출자
36,000660,Y,SK하이닉스,SK하이닉스,20170727,20170727000050,공,특수관계인에대한출자
37,000660,Y,SK하이닉스,SK하이닉스,20170726,20170726800488,유,기타경영사항(종속회사의주요경영사항)
38,000660,Y,SK하이닉스,SK하이닉스,20170726,20170726800477,유,타법인주식및출자증권취득결정
39,000660,Y,SK하이닉스,SK하이닉스,20170726,20170726800457,유,[기재정정]장래사업ㆍ경영계획(공정공시)
40,000660,Y,SK하이닉스,SK하이닉스,20170725,20170725800008,유,연결재무제표기준영업(잠정)실적(공정공시)
41,000660,Y,SK하이닉스,SK하이닉스,20170714,20170714800535,유,조회공시요구(풍문또는보도)에대한답변(부인)
42,000660,Y,SK하이닉스,SK텔레콤,20170712,20170712000312,,주식등의대량보유상황보고서(일반)
43,000660,Y,SK하이닉스,SK하이닉스,20170711,20170711800215,유,기업설명회(IR)개최(안내공시)
44,000660,Y,SK하이닉스,정종호,20170711,20170711000208,,임원ㆍ주요주주특정증권등소유상황보고서
45,000660,Y,SK하이닉스,SK하이닉스,20170710,20170710000083,공,계열금융회사를거래상대방으로한단기금융상품거래의분기별공시
46,000660,Y,SK하이닉스,SK하이닉스,20170707,20170707800473,유,최대주주등소유주식변동신고서
47,000660,Y,SK하이닉스,국민연금공단,20170707,20170707000038,,임원ㆍ주요주주특정증권등소유상황보고서
48,000660,Y,SK하이닉스,SK하이닉스,20170627,20170627000225,공,특수관계인으로부터부동산임차
49,000660,Y,SK하이닉스,SK하이닉스,20170627,20170627000217,공,특수관계인에대한자산양도
50,000660,Y,SK하이닉스,SK하이닉스,20170627,20170627000207,공,동일인등출자계열회사와의상품ㆍ용역거래
51,000660,Y,SK하이닉스,SK하이닉스,20170627,20170627000189,공,약관에의한금융거래시계열금융회사의거래상대방의공시
52,000660,Y,SK하이닉스,임창문,20170622,20170622000206,,임원ㆍ주요주주특정증권등소유상황보고서
53,000660,Y,SK하이닉스,SK하이닉스,20170621,20170621800372,유,기타경영사항(자율공시)
54,000660,Y,SK하이닉스,김진웅,20170531,20170531001118,,임원ㆍ주요주주특정증권등소유상황보고서
55,000660,Y,SK하이닉스,SK하이닉스,20170531,20170531000446,공,대규모기업집단현황공시[연1회공시및1/4분기용(개별회사)]
56,000660,Y,SK하이닉스,SK하이닉스,20170524,20170524000454,공,특수관계인에대한영업양도
57,000660,Y,SK하이닉스,SK하이닉스,20170524,20170524000446,공,특수관계인에대한출자
58,000660,Y,SK하이닉스,SK하이닉스,20170524,20170524800455,유,기타경영사항(자율공시)
59,000660,Y,SK하이닉스,SK하이닉스,20170519,20170519800411,유,기타경영사항(자율공시)
60,000660,Y,SK하이닉스,SK하이닉스,20170515,20170515003473,정,분기보고서 (2017.03)
61,000660,Y,SK하이닉스,SK하이닉스,20170427,20170427800191,유,조회공시요구(풍문또는보도)에대한답변(미확정)
62,000660,Y,SK하이닉스,SK하이닉스,20170427,20170427000167,공,특수관계인에대한증여
63,000660,Y,SK하이닉스,SK하이닉스,20170427,20170427000157,공,특수관계인과의내부거래
64,000660,Y,SK하이닉스,유가증권시장본부,20170426,20170426800827,유,조회공시요구(풍문또는보도)(파운드리 사업부 분할설)
65,000660,Y,SK하이닉스,SK하이닉스,20170425,20170425800065,유,연결재무제표기준영업(잠정)실적(공정공시)
66,000660,Y,SK하이닉스,SK하이닉스,20170411,20170411800342,유,기업설명회(IR)개최(안내공시)
67,000660,Y,SK하이닉스,SK하이닉스,20170410,20170410000058,공,계열금융회사를거래상대방으로한단기금융상품거래의분기별공시
68,000660,Y,SK하이닉스,국민연금공단,20170407,20170407001751,,임원ㆍ주요주주특정증권등소유상황보고서
69,000660,Y,SK하이닉스,국민연금공단,20170405,20170405002114,,주식등의대량보유상황보고서(약식)
70,000660,Y,SK하이닉스,SK하이닉스,20170331,20170331004537,연,사업보고서 (2016.12)
71,000660,Y,SK하이닉스,SK텔레콤,20170331,20170331002870,,주식등의대량보유상황보고서(일반)
72,000660,Y,SK하이닉스,이석희,20170330,20170330000228,,임원ㆍ주요주주특정증권등소유상황보고서
73,000660,Y,SK하이닉스,SK하이닉스,20170324,20170324802957,유,최대주주등소유주식변동신고서
74,000660,Y,SK하이닉스,SK하이닉스,20170324,20170324802973,유,정기주주총회결과
75,000660,Y,SK하이닉스,SK하이닉스,20170324,20170324001179,,주식매수선택권부여에관한신고
76,000660,Y,SK하이닉스,SK하이닉스,20170323,20170323000132,공,동일인등출자계열회사와의상품ㆍ용역거래
77,000660,Y,SK하이닉스,SK하이닉스,20170316,20170316000088,공,약관에의한금융거래시계열금융회사의거래상대방의공시
78,000660,Y,SK하이닉스,SK하이닉스,20170306,20170306800653,유,조회공시요구(풍문또는보도)에대한답변(미확정)
79,000660,Y,SK하이닉스,SK하이닉스,20170228,20170228000137,공,대규모기업집단현황공시[분기별공시(개별회사용)]
80,000660,Y,SK하이닉스,SK하이닉스,20170223,20170223800636,유,[첨부추가]감사보고서제출
81,000660,Y,SK하이닉스,SK하이닉스,20170222,20170222000342,,참고서류
82,000660,Y,SK하이닉스,SK하이닉스,20170222,20170222000340,,주주총회소집공고
83,000660,Y,SK하이닉스,SK하이닉스,20170222,20170222800582,유,[첨부추가]주주총회소집결의
84,000660,Y,SK하이닉스,SK하이닉스,20170207,20170207800364,유,조회공시요구(풍문또는보도)에대한답변(미확정)
85,000660,Y,SK하이닉스,유가증권시장본부,20170207,20170207800002,유,조회공시요구(풍문또는보도)
86,000660,Y,SK하이닉스,국민연금공단,20170206,20170206000056,,임원ㆍ주요주주특정증권등소유상황보고서
87,000660,Y,SK하이닉스,SK하이닉스,20170126,20170126800670,유정,장래사업ㆍ경영계획(공정공시)
88,000660,Y,SK하이닉스,SK하이닉스,20170126,20170126800024,유,매출액또는손익구조30%(대규모법인은15%)이상변경
89,000660,Y,SK하이닉스,SK하이닉스,20170126,20170126800023,유,연결재무제표기준영업(잠정)실적(공정공시)
90,000660,Y,SK하이닉스,SK하이닉스,20170126,20170126800022,유,현금ㆍ현물배당결정
91,000660,Y,SK하이닉스,SK하이닉스,20170123,20170123000081,공,특수관계인에대한자산양도
92,000660,Y,SK하이닉스,SK하이닉스,20170116,20170116800379,유,조회공시요구(풍문또는보도)에대한답변(미확정)
93,000660,Y,SK하이닉스,SK하이닉스,20170111,20170111800125,유,기업설명회(IR)개최(안내공시)
94,000660,Y,SK하이닉스,국민연금공단,20170110,20170110000232,,주식등의대량보유상황보고서(약식)
95,000660,Y,SK하이닉스,SK하이닉스,20170110,20170110000051,공,계열금융회사를거래상대방으로한단기금융상품거래의분기별공시
96,000660,Y,SK하이닉스,박윤세,20170109,20170109000341,,임원ㆍ주요주주특정증권등소유상황보고서
97,000660,Y,SK하이닉스,김기석,20170109,20170109000338,,임원ㆍ주요주주특정증권등소유상황보고서
98,000660,Y,SK하이닉스,박현열,20170109,20170109000334,,임원ㆍ주요주주특정증권등소유상황보고서
99,000660,Y,SK하이닉스,복철규,20170109,20170109000333,,임원ㆍ주요주주특정증권등소유상황보고서
0,000660,Y,SK하이닉스,박윤세,20170109,20170109000341,,임원ㆍ주요주주특정증권등소유상황보고서
1,000660,Y,SK하이닉스,김기석,20170109,20170109000338,,임원ㆍ주요주주특정증권등소유상황보고서
2,000660,Y,SK하이닉스,박현열,20170109,20170109000334,,임원ㆍ주요주주특정증권등소유상황보고서
3,000660,Y,SK하이닉스,복철규,20170109,20170109000333,,임원ㆍ주요주주특정증권등소유상황보고서
4,000660,Y,SK하이닉스,양예석,20170109,20170109000330,,임원ㆍ주요주주특정증권등소유상황보고서
5,000660,Y,SK하이닉스,이재진,20170109,20170109000325,,임원ㆍ주요주주특정증권등소유상황보고서
6,000660,Y,SK하이닉스,강유종,20170109,20170109000197,,임원ㆍ주요주주특정증권등소유상황보고서
7,000660,Y,SK하이닉스,김영식,20170109,20170109000186,,임원ㆍ주요주주특정증권등소유상황보고서
8,000660,Y,SK하이닉스,장명식,20170109,20170109000174,,임원ㆍ주요주주특정증권등소유상황보고서
9,000660,Y,SK하이닉스,SK하이닉스,20161222,20161222000284,공,동일인등출자계열회사와의상품ㆍ용역거래
10,000660,Y,SK하이닉스,SK하이닉스,20161222,20161222800003,유,신규시설투자등(자율공시)
11,000660,Y,SK하이닉스,SK하이닉스,20161222,20161222800002,유,신규시설투자등
12,000660,Y,SK하이닉스,SK하이닉스,20161220,20161220000052,공,특수관계인과의내부거래
13,000660,Y,SK하이닉스,SK하이닉스,20161220,20161220000049,공,약관에의한금융거래시계열금융회사의거래상대방의공시
14,000660,Y,SK하이닉스,SK하이닉스,20161214,20161214800568,유,조회공시요구(풍문또는보도)에대한답변(미확정)
15,000660,Y,SK하이닉스,유가증권시장본부,20161214,20161214800075,유,조회공시요구(풍문또는보도)
16,000660,Y,SK하이닉스,SK하이닉스,20161130,20161130000286,공,대규모기업집단현황공시[분기별공시(개별회사용)]
17,000660,Y,SK하이닉스,SK하이닉스,20161114,20161114001476,,분기보고서 (2016.09)
18,000660,Y,SK하이닉스,SK하이닉스,20161025,20161025800008,유,연결재무제표기준영업(잠정)실적(공정공시)
19,000660,Y,SK하이닉스,SK하이닉스,20161011,20161011800250,유,기업설명회(IR)개최(안내공시)
20,000660,Y,SK하이닉스,SK하이닉스,20161007,20161007000175,공,계열금융회사를거래상대방으로한단기금융상품거래의분기별공시
21,000660,Y,SK하이닉스,SK하이닉스,20160929,20160929000281,공,동일인등출자계열회사와의상품ㆍ용역거래
22,000660,Y,SK하이닉스,SK하이닉스,20160927,20160927000074,공,약관에의한금융거래시계열금융회사의거래상대방의공시
23,000660,Y,SK하이닉스,SK하이닉스,20160831,20160831000072,공,대규모기업집단현황공시[분기별공시(개별회사용)]
24,000660,Y,SK하이닉스,이정훈,20160829,20160829000313,,임원ㆍ주요주주특정증권등소유상황보고서
25,000660,Y,SK하이닉스,SK하이닉스,20160816,20160816001683,,반기보고서 (2016.06)
26,000660,Y,SK하이닉스,SK하이닉스,20160729,20160729000096,공,동일인등출자계열회사와의상품ㆍ용역거래변경
27,000660,Y,SK하이닉스,SK하이닉스,20160726,20160726800037,유,연결재무제표기준영업(잠정)실적(공정공시)
28,000660,Y,SK하이닉스,SK하이닉스,20160711,20160711800313,유,기업설명회(IR)개최(안내공시)
29,000660,Y,SK하이닉스,박종민,20160711,20160711000047,,임원ㆍ주요주주특정증권등소유상황보고서
30,000660,Y,SK하이닉스,SK하이닉스,20160708,20160708000017,공,계열금융회사를거래상대방으로한단기금융상품거래의분기별공시
31,000660,Y,SK하이닉스,SK하이닉스,20160623,20160623000062,공,동일인등출자계열회사와의상품ㆍ용역거래
32,000660,Y,SK하이닉스,SK하이닉스,20160621,20160621000044,공,약관에의한금융거래시계열금융회사의거래상대방의공시
33,000660,Y,SK하이닉스,BlackRockFundAdvisors,20160610,20160610000515,,주식등의대량보유상황보고서(약식)
34,000660,Y,SK하이닉스,SK하이닉스,20160531,20160531000897,공,대규모기업집단현황공시[연1회공시및1/4분기용(개별회사)]
35,000660,Y,SK하이닉스,SK하이닉스,20160527,20160527000356,,증권발행실적보고서
36,000660,Y,SK하이닉스,SK하이닉스,20160527,20160527000002,,투자설명서
37,000660,Y,SK하이닉스,SK하이닉스,20160526,20160526000364,,[발행조건확정]증권신고서(채무증권)
38,000660,Y,SK하이닉스,SK하이닉스,20160523,20160523000213,정,[발행조건확정]증권신고서(채무증권)
39,000660,Y,SK하이닉스,SK하이닉스,20160523,20160523000208,정,[기재정정]증권신고서(채무증권)
40,000660,Y,SK하이닉스,SK하이닉스,20160517,20160517000285,정,증권신고서(채무증권)
41,000660,Y,SK하이닉스,SK하이닉스,20160516,20160516001896,,분기보고서 (2016.03)
42,000660,Y,SK하이닉스,SK하이닉스,20160516,20160516001867,연,[기재정정]사업보고서 (2015.12)
43,000660,Y,SK하이닉스,SK하이닉스,20160428,20160428000469,공,동일인등출자계열회사와의상품ㆍ용역거래변경
44,000660,Y,SK하이닉스,고석,20160426,20160426000694,,임원ㆍ주요주주특정증권등소유상황보고서
45,000660,Y,SK하이닉스,SK하이닉스,20160426,20160426000161,공,특수관계인과의내부거래
46,000660,Y,SK하이닉스,SK하이닉스,20160426,20160426800024,유,연결재무제표기준영업(잠정)실적(공정공시)
47,000660,Y,SK하이닉스,한우종,20160425,20160425000341,,임원ㆍ주요주주특정증권등소유상황보고서
48,000660,Y,SK하이닉스,SK하이닉스,20160411,20160411800459,유,기업설명회(IR)개최(안내공시)
49,000660,Y,SK하이닉스,SK하이닉스,20160407,20160407000376,공,계열금융회사를거래상대방으로한단기금융상품거래의분기별공시
50,000660,Y,SK하이닉스,SK하이닉스,20160330,20160330003963,정연,사업보고서 (2015.12)
51,000660,Y,SK하이닉스,SK하이닉스,20160328,20160328800827,유,최대주주등소유주식변동신고서
52,000660,Y,SK하이닉스,SK텔레콤,20160325,20160325000219,,주식등의대량보유상황보고서(일반)
53,000660,Y,SK하이닉스,박정호,20160323,20160323000215,,임원ㆍ주요주주특정증권등소유상황보고서
54,000660,Y,SK하이닉스,SK하이닉스,20160318,20160318801714,유,정기주주총회결과
55,000660,Y,SK하이닉스,SK하이닉스,20160310,20160310000105,공,약관에의한금융거래시계열금융회사의거래상대방의공시
56,000660,Y,SK하이닉스,SK하이닉스,20160310,20160310000102,공,동일인등출자계열회사와의상품ㆍ용역거래
57,000660,Y,SK하이닉스,SK하이닉스,20160229,20160229000285,공,대규모기업집단현황공시[분기별공시(개별회사용)]
58,000660,Y,SK하이닉스,SK하이닉스,20160224,20160224000373,,참고서류
59,000660,Y,SK하이닉스,SK하이닉스,20160224,20160224000371,,주주총회소집공고
60,000660,Y,SK하이닉스,SK하이닉스,20160224,20160224800731,유,[첨부추가]주주총회소집결의
61,000660,Y,SK하이닉스,SK하이닉스,20160223,20160223800503,유,[첨부추가]감사보고서제출
62,000660,Y,SK하이닉스,SK하이닉스,20160223,20160223000216,공,동일인등출자계열회사와의상품ㆍ용역거래변경
63,000660,Y,SK하이닉스,SK하이닉스,20160219,20160219000259,,증권발행실적보고서
64,000660,Y,SK하이닉스,SK하이닉스,20160219,20160219000002,,투자설명서
65,000660,Y,SK하이닉스,SK하이닉스,20160218,20160218000281,,[발행조건확정]증권신고서(채무증권)
66,000660,Y,SK하이닉스,SK하이닉스,20160215,20160215000444,정,[발행조건확정]증권신고서(채무증권)
67,000660,Y,SK하이닉스,SK하이닉스,20160215,20160215000431,정,[기재정정]증권신고서(채무증권)
68,000660,Y,SK하이닉스,SK하이닉스,20160204,20160204000333,정,증권신고서(채무증권)
69,000660,Y,SK하이닉스,SK하이닉스,20160126,20160126800039,유,연결재무제표기준영업(잠정)실적(공정공시)
70,000660,Y,SK하이닉스,SK하이닉스,20160125,20160125800582,유,현금ㆍ현물배당결정
71,000660,Y,SK하이닉스,SK하이닉스,20160111,20160111800329,유,기업설명회(IR)개최(안내공시)
72,000660,Y,SK하이닉스,이상철,20160108,20160108000220,,임원ㆍ주요주주특정증권등소유상황보고서
73,000660,Y,SK하이닉스,이기화,20160107,20160107000556,,임원ㆍ주요주주특정증권등소유상황보고서
74,000660,Y,SK하이닉스,국민연금공단,20160105,20160105000204,,주식등의대량보유상황보고서(약식)
75,000660,Y,SK하이닉스,유경동,20160104,20160104000081,,임원ㆍ주요주주특정증권등소유상황보고서
76,000660,Y,SK하이닉스,노재성,20160104,20160104000079,,임원ㆍ주요주주특정증권등소유상황보고서
77,000660,Y,SK하이닉스,김현수,20160104,20160104000075,,임원ㆍ주요주주특정증권등소유상황보고서
78,000660,Y,SK하이닉스,김동균,20160104,20160104000071,,임원ㆍ주요주주특정증권등소유상황보고서
0,000660,Y,SK하이닉스,유경동,20160104,20160104000081,,임원ㆍ주요주주특정증권등소유상황보고서
1,000660,Y,SK하이닉스,노재성,20160104,20160104000079,,임원ㆍ주요주주특정증권등소유상황보고서
2,000660,Y,SK하이닉스,김현수,20160104,20160104000075,,임원ㆍ주요주주특정증권등소유상황보고서
3,000660,Y,SK하이닉스,김동균,20160104,20160104000071,,임원ㆍ주요주주특정증권등소유상황보고서
0,005380,Y,현대자동차,현대자동차,20171229,20171229000301,공,특수관계인과의보험거래
1,005380,Y,현대자동차,현대자동차,20171227,20171227000629,공,특수관계인으로부터기타유가증권매수
2,005380,Y,현대자동차,현대자동차,20171227,20171227000020,공,특수관계인으로부터기타유가증권매수
3,005380,Y,현대자동차,조성환,20171207,20171207000462,,임원ㆍ주요주주특정증권등소유상황보고서
4,005380,Y,현대자동차,현대자동차,20171201,20171201800309,유,영업(잠정)실적(공정공시)
5,005380,Y,현대자동차,현대자동차,20171130,20171130000558,공,[기재정정]대규모기업집단현황공시[분기별공시(대표회사용)]
6,005380,Y,현대자동차,현대자동차,20171130,20171130000088,공정,대규모기업집단현황공시[분기별공시(대표회사용)]
7,005380,Y,현대자동차,현대자동차,20171114,20171114002108,,분기보고서 (2017.09)
8,005380,Y,현대자동차,현대자동차,20171114,20171114002014,공,동일인등출자계열회사와의상품ㆍ용역거래변경
9,005380,Y,현대자동차,현대자동차,20171113,20171113800304,유,기업설명회(IR)개최(안내공시)
10,005380,Y,현대자동차,현대자동차,20171113,20171113800303,유,기업설명회(IR)개최(안내공시)
11,005380,Y,현대자동차,"TheCapitalGroupCompanies,Inc.",20171103,20171103000406,,주식등의대량보유상황보고서(약식)
12,005380,Y,현대자동차,현대자동차,20171101,20171101800372,유,기업설명회(IR)개최(안내공시)
13,005380,Y,현대자동차,안영진,20171101,20171101000327,,임원ㆍ주요주주특정증권등소유상황보고서
14,005380,Y,현대자동차,현대자동차,20171101,20171101800324,유,영업(잠정)실적(공정공시)
15,005380,Y,현대자동차,현대자동차,20171031,20171031000416,공,특수관계인으로부터기타유가증권매수
16,005380,Y,현대자동차,현대자동차,20171027,20171027000080,공,특수관계인으로부터기타유가증권매수
17,005380,Y,현대자동차,현대자동차,20171026,20171026000388,공,특수관계인으로부터부동산임대
18,005380,Y,현대자동차,현대자동차,20171026,20171026000379,공,특수관계인과의내부거래
19,005380,Y,현대자동차,현대자동차,20171026,20171026000366,공,[기재정정]특수관계인과의내부거래
20,005380,Y,현대자동차,현대자동차,20171026,20171026000346,공,약관에의한금융거래시계열금융회사의거래상대방의공시
21,005380,Y,현대자동차,현대자동차,20171026,20171026000338,공,동일인등출자계열회사와의상품ㆍ용역거래
22,005380,Y,현대자동차,현대자동차,20171026,20171026800184,유,연결재무제표기준영업(잠정)실적(공정공시)
23,005380,Y,현대자동차,현대자동차,20171017,20171017800272,유,기업설명회(IR)개최(안내공시)
24,005380,Y,현대자동차,현대자동차,20171010,20171010800561,유,영업(잠정)실적(공정공시)
25,005380,Y,현대자동차,"TheCapitalGroupCompanies,Inc.",20171010,20171010000391,,주식등의대량보유상황보고서(약식)
26,005380,Y,현대자동차,현대자동차,20170929,20170929801044,유,기업지배구조관련공시(자율공시)
27,005380,Y,현대자동차,현대자동차,20170922,20170922000347,공,특수관계인으로부터부동산매수
28,005380,Y,현대자동차,현대자동차,20170919,20170919800310,유,기업설명회(IR)개최(안내공시)
29,005380,Y,현대자동차,현대자동차,20170912,20170912800006,유,생산중단(자회사의 주요경영사항)
30,005380,Y,현대자동차,현대자동차,20170904,20170904800332,유,기업설명회(IR)개최(안내공시)
31,005380,Y,현대자동차,현대자동차,20170904,20170904800313,유,기업설명회(IR)개최(안내공시)
32,005380,Y,현대자동차,"TheCapitalGroupCompanies,Inc.",20170904,20170904000221,,주식등의대량보유상황보고서(약식)
33,005380,Y,현대자동차,현대자동차,20170901,20170901800203,유,영업(잠정)실적(공정공시)
34,005380,Y,현대자동차,현대자동차,20170831,20170831000079,공,대규모기업집단현황공시[분기별공시(대표회사용)]
35,005380,Y,현대자동차,현대자동차,20170830,20170830000548,공,특수관계인으로부터기타유가증권매수
36,005380,Y,현대자동차,현대자동차,20170830,20170830800053,유,풍문또는보도에대한해명
37,005380,Y,현대자동차,현대자동차,20170829,20170829000357,공,특수관계인으로부터기타유가증권매수
38,005380,Y,현대자동차,현대자동차,20170816,20170816800376,유,기업설명회(IR)개최(안내공시)
39,005380,Y,현대자동차,현대자동차,20170814,20170814002062,,반기보고서 (2017.06)
40,005380,Y,현대자동차,현대자동차,20170810,20170810800130,유,생산중단
41,005380,Y,현대자동차,현대자동차,20170809,20170809000352,공,특수관계인으로부터기타유가증권매수
42,005380,Y,현대자동차,김원진,20170809,20170809000211,,임원ㆍ주요주주특정증권등소유상황보고서
43,005380,Y,현대자동차,이영희,20170809,20170809000208,,임원ㆍ주요주주특정증권등소유상황보고서
44,005380,Y,현대자동차,현대자동차,20170808,20170808000218,공,특수관계인으로부터기타유가증권매수
45,005380,Y,현대자동차,현대자동차,20170801,20170801800292,유,영업(잠정)실적(공정공시)
46,005380,Y,현대자동차,현대자동차,20170726,20170726000408,공,동일인등출자계열회사와의상품ㆍ용역거래
47,005380,Y,현대자동차,현대자동차,20170726,20170726000390,공,특수관계인에대한출자
48,005380,Y,현대자동차,현대자동차,20170726,20170726000380,공,특수관계인에대한출자
49,005380,Y,현대자동차,현대자동차,20170726,20170726000331,공,약관에의한금융거래시계열금융회사의거래상대방의공시
50,005380,Y,현대자동차,현대자동차,20170726,20170726800320,유,공정거래자율준수프로그램운영현황(안내공시)
51,005380,Y,현대자동차,현대자동차,20170726,20170726800197,유,현금ㆍ현물배당결정
52,005380,Y,현대자동차,현대자동차,20170726,20170726800171,유,연결재무제표기준영업(잠정)실적(공정공시)
53,005380,Y,현대자동차,현대자동차,20170725,20170725000374,공,특수관계인으로부터기타유가증권매수
54,005380,Y,현대자동차,현대자동차,20170719,20170719800208,유,기업설명회(IR)개최(안내공시)
55,005380,Y,현대자동차,김정철,20170710,20170710000498,,임원ㆍ주요주주특정증권등소유상황보고서
56,005380,Y,현대자동차,현대자동차,20170705,20170705800376,유,기업설명회(IR)개최(안내공시)
57,005380,Y,현대자동차,현대자동차,20170703,20170703800227,유,영업(잠정)실적(공정공시)
58,005380,Y,현대자동차,현대자동차,20170630,20170630000297,공,특수관계인과의보험거래
59,005380,Y,현대자동차,현대자동차,20170627,20170627000230,공,특수관계인으로부터기타유가증권매수
60,005380,Y,현대자동차,현대자동차,20170626,20170623000451,공,[기재정정]대규모기업집단현황공시[연1회공시및1/4분기용(대표회사)]
61,005380,Y,현대자동차,현대자동차,20170626,20170623000448,공,[기재정정]대규모기업집단현황공시[연1회공시및1/4분기용(대표회사)]
62,005380,Y,현대자동차,현대자동차,20170623,20170623000444,공,[기재정정]대규모기업집단현황공시[연1회공시및1/4분기용(대표회사)]
63,005380,Y,현대자동차,현대자동차,20170623,20170623000437,공,[기재정정]대규모기업집단현황공시[연1회공시및1/4분기용(대표회사)]
64,005380,Y,현대자동차,현대자동차,20170620,20170620000159,공,특수관계인으로부터기타유가증권매수
65,005380,Y,현대자동차,현대자동차,20170616,20170616800441,유,기업설명회(IR)개최(안내공시)
66,005380,Y,현대자동차,현대자동차,20170616,20170616800438,유,기업설명회(IR)개최(안내공시)
67,005380,Y,현대자동차,현대자동차,20170614,20170614800161,유,중간(분기)배당을위한주주명부폐쇄(기준일)결정
68,005380,Y,현대자동차,송근안,20170609,20170609000442,,임원ㆍ주요주주특정증권등소유상황보고서
69,005380,Y,현대자동차,현대자동차,20170607,20170607000252,공,특수관계인으로부터기타유가증권매수
70,005380,Y,현대자동차,"TheCapitalGroupCompanies,Inc.",20170605,20170605000280,,주식등의대량보유상황보고서(약식)
71,005380,Y,현대자동차,현대자동차,20170601,20170601800325,유,영업(잠정)실적(공정공시)
72,005380,Y,현대자동차,현대자동차,20170531,20170531000281,공정,대규모기업집단현황공시[연1회공시및1/4분기용(대표회사)]
73,005380,Y,현대자동차,현대자동차,20170519,20170519000516,공,특수관계인으로부터기타유가증권매수
74,005380,Y,현대자동차,현대자동차,20170519,20170519800047,유,풍문또는보도에대한해명
75,005380,Y,현대자동차,현대자동차,20170515,20170515004197,,분기보고서 (2017.03)
76,005380,Y,현대자동차,현대자동차,20170515,20170515003754,공,동일인등출자계열회사와의상품ㆍ용역거래변경
77,005380,Y,현대자동차,현대자동차,20170504,20170504800456,유,기업설명회(IR)개최(안내공시)
78,005380,Y,현대자동차,현대자동차,20170504,20170504800454,유,기업설명회(IR)개최(안내공시)
79,005380,Y,현대자동차,현대자동차,20170504,20170504800452,유,기업설명회(IR)개최(안내공시)
80,005380,Y,현대자동차,현대자동차,20170504,20170504800451,유,기업설명회(IR)개최(안내공시)
81,005380,Y,현대자동차,"TheCapitalGroupCompanies,Inc.",20170504,20170504001359,,주식등의대량보유상황보고서(약식)
82,005380,Y,현대자동차,현대자동차,20170502,20170502001953,공,특수관계인으로부터기타유가증권매수
83,005380,Y,현대자동차,현대자동차,20170502,20170502800316,유,영업(잠정)실적(공정공시)
84,005380,Y,현대자동차,현대자동차,20170426,20170426000925,공,특수관계인에대한출자
85,005380,Y,현대자동차,현대자동차,20170426,20170426000903,공,특수관계인에대한출자
86,005380,Y,현대자동차,현대자동차,20170426,20170426000801,공,약관에의한금융거래시계열금융회사의거래상대방의공시
87,005380,Y,현대자동차,현대자동차,20170426,20170426000795,공,동일인등출자계열회사와의상품ㆍ용역거래
88,005380,Y,현대자동차,현대자동차,20170426,20170426800261,유,연결재무제표기준영업(잠정)실적(공정공시)
89,005380,Y,현대자동차,현대자동차,20170421,20170421000567,공,특수관계인과의보험거래
90,005380,Y,현대자동차,현대자동차,20170418,20170418000433,공,특수관계인으로부터기타유가증권매수
91,005380,Y,현대자동차,현대자동차,20170417,20170417800391,유,기업설명회(IR)개최(안내공시)
92,005380,Y,현대자동차,현대자동차,20170407,20170407002477,공,특수관계인으로부터기타유가증권매수
93,005380,Y,현대자동차,현대자동차,20170403,20170403800484,유,영업(잠정)실적(공정공시)
94,005380,Y,현대자동차,현대자동차,20170331,20170331004820,연,사업보고서 (2016.12)
95,005380,Y,현대자동차,"TheCapitalGroupCompanies,Inc.",20170329,20170329001028,,주식등의대량보유상황보고서(약식)
96,005380,Y,현대자동차,현대자동차,20170328,20170328000785,공,특수관계인으로부터기타유가증권매수
97,005380,Y,현대자동차,현대자동차,20170327,20170327000723,공,특수관계인으로부터기타유가증권매수
98,005380,Y,현대자동차,현대자동차,20170317,20170317000644,공,특수관계인에대한출자
99,005380,Y,현대자동차,현대자동차,20170317,20170317000636,공정,특수관계인과의내부거래
0,005380,Y,현대자동차,현대자동차,20170317,20170317000644,공,특수관계인에대한출자
1,005380,Y,현대자동차,현대자동차,20170317,20170317000636,공정,특수관계인과의내부거래
2,005380,Y,현대자동차,현대자동차,20170317,20170317000627,,사외이사의선임ㆍ해임또는중도퇴임에관한신고
3,005380,Y,현대자동차,현대자동차,20170317,20170317801017,유,정기주주총회결과
4,005380,Y,현대자동차,현대자동차,20170313,20170313800634,유,기업설명회(IR)개최(안내공시)
5,005380,Y,현대자동차,현대자동차,20170310,20170310000729,공,특수관계인으로부터기타유가증권매수
6,005380,Y,현대자동차,현대자동차,20170308,20170308800989,유,기업설명회(IR)개최(안내공시)
7,005380,Y,현대자동차,현대자동차,20170302,20170302801001,유,감사보고서제출
8,005380,Y,현대자동차,현대자동차,20170302,20170302800428,유,영업(잠정)실적(공정공시)
9,005380,Y,현대자동차,현대자동차,20170228,20170228000037,공,대규모기업집단현황공시[분기별공시(대표회사용)]
10,005380,Y,현대자동차,현대자동차,20170224,20170224000339,공,특수관계인으로부터기타유가증권매수
11,005380,Y,현대자동차,현대자동차,20170222,20170222000334,,참고서류
12,005380,Y,현대자동차,현대자동차,20170222,20170222000323,,주주총회소집공고
13,005380,Y,현대자동차,현대자동차,20170222,20170222800381,유,주주총회소집결의
14,005380,Y,현대자동차,현대자동차,20170214,20170214000273,공,동일인등출자계열회사와의상품ㆍ용역거래변경
15,005380,Y,현대자동차,홍창화,20170214,20170214000069,,임원ㆍ주요주주특정증권등소유상황보고서
16,005380,Y,현대자동차,최환일,20170214,20170214000059,,임원ㆍ주요주주특정증권등소유상황보고서
17,005380,Y,현대자동차,최윤석,20170214,20170214000041,,임원ㆍ주요주주특정증권등소유상황보고서
18,005380,Y,현대자동차,조규택,20170214,20170214000021,,임원ㆍ주요주주특정증권등소유상황보고서
19,005380,Y,현대자동차,정방선,20170214,20170214000018,,임원ㆍ주요주주특정증권등소유상황보고서
20,005380,Y,현대자동차,임재웅,20170214,20170214000013,,임원ㆍ주요주주특정증권등소유상황보고서
21,005380,Y,현대자동차,임세빈,20170214,20170214000008,,임원ㆍ주요주주특정증권등소유상황보고서
22,005380,Y,현대자동차,임기빈,20170214,20170214000007,,임원ㆍ주요주주특정증권등소유상황보고서
23,005380,Y,현대자동차,이정욱,20170214,20170214000005,,임원ㆍ주요주주특정증권등소유상황보고서
24,005380,Y,현대자동차,이선우,20170213,20170213000399,,임원ㆍ주요주주특정증권등소유상황보고서
25,005380,Y,현대자동차,이보성,20170213,20170213000393,,임원ㆍ주요주주특정증권등소유상황보고서
26,005380,Y,현대자동차,이동우,20170213,20170213000385,,임원ㆍ주요주주특정증권등소유상황보고서
27,005380,Y,현대자동차,이기수,20170213,20170213000380,,임원ㆍ주요주주특정증권등소유상황보고서
28,005380,Y,현대자동차,송복구,20170213,20170213000376,,임원ㆍ주요주주특정증권등소유상황보고서
29,005380,Y,현대자동차,백승언,20170213,20170213000371,,임원ㆍ주요주주특정증권등소유상황보고서
30,005380,Y,현대자동차,박상현,20170213,20170213000363,,임원ㆍ주요주주특정증권등소유상황보고서
31,005380,Y,현대자동차,민영수,20170213,20170213000347,,임원ㆍ주요주주특정증권등소유상황보고서
32,005380,Y,현대자동차,류지성,20170213,20170213000329,,임원ㆍ주요주주특정증권등소유상황보고서
33,005380,Y,현대자동차,김한진,20170213,20170213000299,,임원ㆍ주요주주특정증권등소유상황보고서
34,005380,Y,현대자동차,김종태,20170213,20170213000291,,임원ㆍ주요주주특정증권등소유상황보고서
35,005380,Y,현대자동차,김언수,20170213,20170213000286,,임원ㆍ주요주주특정증권등소유상황보고서
36,005380,Y,현대자동차,김세훈,20170213,20170213000280,,임원ㆍ주요주주특정증권등소유상황보고서
37,005380,Y,현대자동차,김병기,20170213,20170213000269,,임원ㆍ주요주주특정증권등소유상황보고서
38,005380,Y,현대자동차,강동림,20170213,20170213000259,,임원ㆍ주요주주특정증권등소유상황보고서
39,005380,Y,현대자동차,윤경섭,20170210,20170210000149,,임원ㆍ주요주주특정증권등소유상황보고서
40,005380,Y,현대자동차,신동근,20170210,20170210000146,,임원ㆍ주요주주특정증권등소유상황보고서
41,005380,Y,현대자동차,김흥철,20170210,20170210000142,,임원ㆍ주요주주특정증권등소유상황보고서
42,005380,Y,현대자동차,진수항,20170210,20170210000139,,임원ㆍ주요주주특정증권등소유상황보고서
43,005380,Y,현대자동차,안석준,20170210,20170210000133,,임원ㆍ주요주주특정증권등소유상황보고서
44,005380,Y,현대자동차,조진호,20170210,20170210000130,,임원ㆍ주요주주특정증권등소유상황보고서
45,005380,Y,현대자동차,김진,20170210,20170210000127,,임원ㆍ주요주주특정증권등소유상황보고서
46,005380,Y,현대자동차,정시득,20170210,20170210000126,,임원ㆍ주요주주특정증권등소유상황보고서
47,005380,Y,현대자동차,이기춘,20170210,20170210000116,,임원ㆍ주요주주특정증권등소유상황보고서
48,005380,Y,현대자동차,이승원,20170210,20170210000114,,임원ㆍ주요주주특정증권등소유상황보고서
49,005380,Y,현대자동차,양승욱,20170210,20170210000104,,임원ㆍ주요주주특정증권등소유상황보고서
50,005380,Y,현대자동차,현대자동차,20170208,20170208000379,공,특수관계인으로부터기타유가증권매수
51,005380,Y,현대자동차,현대자동차,20170207,20170207000304,공,특수관계인으로부터기타유가증권매수
52,005380,Y,현대자동차,현대자동차,20170201,20170201800363,유,기업설명회(IR)개최(안내공시)
53,005380,Y,현대자동차,현대자동차,20170201,20170201800332,유,영업(잠정)실적(공정공시)
54,005380,Y,현대자동차,현대자동차,20170125,20170125800487,유,조회공시요구(풍문또는보도)에대한답변(부인)
55,005380,Y,현대자동차,현대자동차,20170125,20170125800475,유,공정거래자율준수프로그램운영현황(안내공시)
56,005380,Y,현대자동차,현대자동차,20170125,20170125000332,공,약관에의한금융거래시계열금융회사의거래상대방의공시
57,005380,Y,현대자동차,현대자동차,20170125,20170125000318,공,동일인등출자계열회사와의상품ㆍ용역거래
58,005380,Y,현대자동차,현대자동차,20170125,20170125800272,유,수시공시의무관련사항(공정공시)
59,005380,Y,현대자동차,현대자동차,20170125,20170125800284,유,현금ㆍ현물배당결정
60,005380,Y,현대자동차,현대자동차,20170125,20170125800244,유,매출액또는손익구조30%(대규모법인은15%)이상변경
61,005380,Y,현대자동차,현대자동차,20170125,20170125800243,유,연결재무제표기준영업(잠정)실적(공정공시)
62,005380,Y,현대자동차,현대자동차,20170119,20170119800264,유,기업설명회(IR)개최(안내공시)
63,005380,Y,현대자동차,이인철,20170116,20170116000292,,임원ㆍ주요주주특정증권등소유상황보고서
64,005380,Y,현대자동차,김기완,20170116,20170116000280,,임원ㆍ주요주주특정증권등소유상황보고서
65,005380,Y,현대자동차,현대자동차,20170106,20170106000676,공,특수관계인으로부터기타유가증권매수
66,005380,Y,현대자동차,현대자동차,20170105,20170105000352,공,특수관계인으로부터기타유가증권매수
67,005380,Y,현대자동차,이종숙,20170104,20170104000434,,임원ㆍ주요주주특정증권등소유상황보고서
68,005380,Y,현대자동차,정지석,20170104,20170104000408,,임원ㆍ주요주주특정증권등소유상황보고서
69,005380,Y,현대자동차,장동철,20170103,20170103000381,,임원ㆍ주요주주특정증권등소유상황보고서
70,005380,Y,현대자동차,이준석,20170103,20170103000378,,임원ㆍ주요주주특정증권등소유상황보고서
71,005380,Y,현대자동차,현대자동차,20170103,20170103000216,공,특수관계인으로부터기타유가증권매수
72,005380,Y,현대자동차,현대자동차,20170102,20170102800382,유,영업(잠정)실적(공정공시)
73,005380,Y,현대자동차,현대자동차,20170102,20170102800003,유,[첨부추가]영업실적등에대한전망(공정공시)
74,005380,Y,현대자동차,현대자동차,20161230,20161230000290,공,특수관계인과의보험거래
75,005380,Y,현대자동차,현대자동차,20161209,20161209000367,공,특수관계인으로부터기타유가증권매수
76,005380,Y,현대자동차,현대자동차,20161206,20161206000234,공,특수관계인으로부터기타유가증권매수
77,005380,Y,현대자동차,현대자동차,20161205,20161205000313,공,특수관계인으로부터기타유가증권매수
78,005380,Y,현대자동차,현대자동차,20161202,20161202000302,,자기주식처분결과보고서
79,005380,Y,현대자동차,현대자동차,20161201,20161201800241,유,영업(잠정)실적(공정공시)
80,005380,Y,현대자동차,현대자동차,20161201,20161201800021,유,생산재개(자율공시)
81,005380,Y,현대자동차,현대자동차,20161130,20161130800395,유,생산중단
82,005380,Y,현대자동차,현대자동차,20161130,20161130000139,공,대규모기업집단현황공시[분기별공시(대표회사용)]
83,005380,Y,현대자동차,현대자동차,20161123,20161123000186,공,특수관계인으로부터기타유가증권매수
84,005380,Y,현대자동차,현대자동차,20161121,20161121800291,유,기업설명회(IR)개최(안내공시)
85,005380,Y,현대자동차,현대자동차,20161117,20161117000161,,자기주식취득결과보고서
86,005380,Y,현대자동차,현대자동차,20161114,20161114002002,,분기보고서 (2016.09)
87,005380,Y,현대자동차,신명기,20161114,20161114001840,,임원ㆍ주요주주특정증권등소유상황보고서
88,005380,Y,현대자동차,현대자동차,20161114,20161114001724,공,동일인등출자계열회사와의상품ㆍ용역거래변경
89,005380,Y,현대자동차,현대자동차,20161114,20161114801032,유,기업설명회(IR)개최(안내공시)
90,005380,Y,현대자동차,현대자동차,20161107,20161107800075,유,기업설명회(IR)개최(안내공시)
91,005380,Y,현대자동차,현대자동차,20161104,20161104000307,공,특수관계인으로부터기타유가증권매수
92,005380,Y,현대자동차,현대자동차,20161101,20161101800224,유,영업(잠정)실적(공정공시)
93,005380,Y,현대자동차,정순영,20161031,20161031000418,,임원ㆍ주요주주특정증권등소유상황보고서
94,005380,Y,현대자동차,곽진,20161031,20161031000402,,임원ㆍ주요주주특정증권등소유상황보고서
95,005380,Y,현대자동차,현대자동차,20161031,20161031000298,공,특수관계인으로부터기타유가증권매수
96,005380,Y,현대자동차,현대자동차,20161026,20161026000274,,주요사항보고서(자기주식처분결정)
97,005380,Y,현대자동차,현대자동차,20161026,20161026000267,,주요사항보고서(자기주식취득결정)
98,005380,Y,현대자동차,현대자동차,20161026,20161026000263,공,특수관계인으로부터부동산임대
99,005380,Y,현대자동차,현대자동차,20161026,20161026000259,공,약관에의한금융거래시계열금융회사의거래상대방의공시
0,005380,Y,현대자동차,현대자동차,20161026,20161026000274,,주요사항보고서(자기주식처분결정)
1,005380,Y,현대자동차,현대자동차,20161026,20161026000267,,주요사항보고서(자기주식취득결정)
2,005380,Y,현대자동차,현대자동차,20161026,20161026000263,공,특수관계인으로부터부동산임대
3,005380,Y,현대자동차,현대자동차,20161026,20161026000259,공,약관에의한금융거래시계열금융회사의거래상대방의공시
4,005380,Y,현대자동차,현대자동차,20161026,20161026000256,공,동일인등출자계열회사와의상품ㆍ용역거래
5,005380,Y,현대자동차,현대자동차,20161026,20161026800159,유,연결재무제표기준영업(잠정)실적(공정공시)
6,005380,Y,현대자동차,현대자동차,20161025,20161025000282,공,특수관계인으로부터기타유가증권매수
7,005380,Y,현대자동차,현대자동차,20161021,20161021000275,공,특수관계인으로부터기타유가증권매수
8,005380,Y,현대자동차,현대자동차,20161017,20161017800411,유,조회공시요구(풍문또는보도)에대한답변(미확정)
9,005380,Y,현대자동차,현대자동차,20161017,20161017800328,유,생산재개(자율공시)
10,005380,Y,현대자동차,현대자동차,20161014,20161014800372,유,기업설명회(IR)개최(안내공시)
11,005380,Y,현대자동차,현대자동차,20161006,20161006000238,,증권발행실적보고서
12,005380,Y,현대자동차,국민연금공단,20161005,20161005000446,,주식등의대량보유상황보고서(약식)
13,005380,Y,현대자동차,현대자동차,20161005,20161005000387,공,특수관계인에대한채권매도
14,005380,Y,현대자동차,현대자동차,20161005,20161005000004,,투자설명서
15,005380,Y,현대자동차,현대자동차,20161004,20161004000473,,[발행조건확정]증권신고서(채무증권)
16,005380,Y,현대자동차,현대자동차,20161004,20161004800228,유,영업(잠정)실적(공정공시)
17,005380,Y,현대자동차,현대자동차,20160928,20160928000396,정,[발행조건확정]증권신고서(채무증권)
18,005380,Y,현대자동차,현대자동차,20160922,20160922000320,공,특수관계인으로부터기타유가증권매수
19,005380,Y,현대자동차,현대자동차,20160922,20160922000326,정,증권신고서(채무증권)
20,005380,Y,현대자동차,현대자동차,20160913,20160913000339,공,특수관계인으로부터기타유가증권매수
21,005380,Y,현대자동차,현대자동차,20160907,20160907000208,공,특수관계인으로부터기타유가증권매수
22,005380,Y,현대자동차,현대자동차,20160901,20160901800357,유,기업설명회(IR)개최(안내공시)
23,005380,Y,현대자동차,현대자동차,20160901,20160901800353,유,기업설명회(IR)개최(안내공시)
24,005380,Y,현대자동차,현대자동차,20160901,20160901800295,유,영업(잠정)실적(공정공시)
25,005380,Y,현대자동차,현대자동차,20160831,20160831000022,공,대규모기업집단현황공시[분기별공시(대표회사용)]
26,005380,Y,현대자동차,현대자동차,20160822,20160822000021,공,특수관계인으로부터기타유가증권매수
27,005380,Y,현대자동차,현대자동차,20160819,20160819800208,유,기업설명회(IR)개최(안내공시)
28,005380,Y,현대자동차,현대자동차,20160816,20160816001662,,반기보고서 (2016.06)
29,005380,Y,현대자동차,현대자동차,20160812,20160812001113,공,동일인등출자계열회사와의상품ㆍ용역거래변경
30,005380,Y,현대자동차,현대자동차,20160810,20160810000432,공,특수관계인으로부터기타유가증권매수
31,005380,Y,현대자동차,김효석,20160809,20160809000221,,임원ㆍ주요주주특정증권등소유상황보고서
32,005380,Y,현대자동차,이인철,20160803,20160803000435,,임원ㆍ주요주주특정증권등소유상황보고서
33,005380,Y,현대자동차,현대자동차,20160801,20160801800220,유,영업(잠정)실적(공정공시)
34,005380,Y,현대자동차,현대자동차,20160726,20160726800451,유,공정거래자율준수프로그램운영현황(안내공시)
35,005380,Y,현대자동차,현대자동차,20160726,20160726800448,유,신규시설투자등(자율공시)
36,005380,Y,현대자동차,현대자동차,20160726,20160726000542,공,약관에의한금융거래시계열금융회사의거래상대방의공시
37,005380,Y,현대자동차,현대자동차,20160726,20160726000538,공,동일인등출자계열회사와의상품ㆍ용역거래
38,005380,Y,현대자동차,현대자동차,20160726,20160726800205,유,현금ㆍ현물배당결정
39,005380,Y,현대자동차,현대자동차,20160726,20160726800164,유,연결재무제표기준영업(잠정)실적(공정공시)
40,005380,Y,현대자동차,현대자동차,20160719,20160719800339,유,생산중단
41,005380,Y,현대자동차,현대자동차,20160718,20160718800305,유,기업설명회(IR)개최(안내공시)
42,005380,Y,현대자동차,현대자동차,20160708,20160708000399,공,특수관계인으로부터기타유가증권매수
43,005380,Y,현대자동차,현대자동차,20160708,20160708000334,공,계열금융회사를거래상대방으로한단기금융상품거래의분기별공시
44,005380,Y,현대자동차,현대자동차,20160704,20160704800342,유,기업설명회(IR)개최(안내공시)
45,005380,Y,현대자동차,현대자동차,20160701,20160701800211,유,영업(잠정)실적(공정공시)
46,005380,Y,현대자동차,현대자동차,20160630,20160630000608,공,특수관계인과의보험거래
47,005380,Y,현대자동차,현대자동차,20160623,20160623800294,유,기업설명회(IR)개최(안내공시)
48,005380,Y,현대자동차,현대자동차,20160621,20160621800420,유,조회공시요구(풍문또는보도)에대한답변(미확정)
49,005380,Y,현대자동차,현대자동차,20160617,20160617800310,유,기업설명회(IR)개최(안내공시)
50,005380,Y,현대자동차,현대자동차,20160614,20160614800405,유,중간(분기)배당을위한주주명부폐쇄(기준일)결정
51,005380,Y,현대자동차,현대자동차,20160601,20160601800242,유,영업(잠정)실적(공정공시)
52,005380,Y,현대자동차,현대자동차,20160531,20160531001148,공정,[기재정정]대규모기업집단현황공시[연1회공시및1/4분기용(대표회사)]
53,005380,Y,현대자동차,현대자동차,20160531,20160531000037,공정,대규모기업집단현황공시[연1회공시및1/4분기용(대표회사)]
54,005380,Y,현대자동차,현대자동차,20160526,20160526000341,공,특수관계인으로부터기타유가증권매수
55,005380,Y,현대자동차,윤여성,20160525,20160525000280,,임원ㆍ주요주주특정증권등소유상황보고서
56,005380,Y,현대자동차,현대자동차,20160520,20160520800269,유,기업설명회(IR)개최(안내공시)
57,005380,Y,현대자동차,현대자동차,20160518,20160518800165,유,기업설명회(IR)개최(안내공시)
58,005380,Y,현대자동차,현대자동차,20160517,20160517000253,공,특수관계인으로부터기타유가증권매수
59,005380,Y,현대자동차,현대자동차,20160517,20160517800237,유,기업설명회(IR)개최(안내공시)
60,005380,Y,현대자동차,현대자동차,20160516,20160516003065,,분기보고서 (2016.03)
61,005380,Y,현대자동차,현대자동차,20160513,20160513004705,공,동일인등출자계열회사와의상품ㆍ용역거래변경
62,005380,Y,현대자동차,현대자동차,20160504,20160504800658,유,기업설명회(IR)개최(안내공시)
63,005380,Y,현대자동차,현대자동차,20160502,20160502800219,유,영업(잠정)실적(공정공시)
64,005380,Y,현대자동차,현대자동차,20160427,20160427000573,공,특수관계인으로부터기타유가증권매수
65,005380,Y,현대자동차,현대자동차,20160426,20160426000650,공,특수관계인으로부터기타유가증권매수
66,005380,Y,현대자동차,현대자동차,20160426,20160426000588,공,약관에의한금융거래시계열금융회사의거래상대방의공시
67,005380,Y,현대자동차,현대자동차,20160426,20160426000580,공,동일인등출자계열회사와의상품ㆍ용역거래
68,005380,Y,현대자동차,현대자동차,20160426,20160426800193,유,연결재무제표기준영업(잠정)실적(공정공시)
69,005380,Y,현대자동차,현대자동차,20160421,20160421000370,공,특수관계인으로부터기타유가증권매수
70,005380,Y,현대자동차,현대자동차,20160418,20160418800330,유,기업설명회(IR)개최(안내공시)
71,005380,Y,현대자동차,이용희,20160414,20160414002542,,임원ㆍ주요주주특정증권등소유상황보고서
72,005380,Y,현대자동차,현대자동차,20160408,20160408001710,공,계열금융회사를거래상대방으로한단기금융상품거래의분기별공시
73,005380,Y,현대자동차,현대자동차,20160405,20160405002197,공,특수관계인으로부터기타유가증권매수
74,005380,Y,현대자동차,현대자동차,20160401,20160401001997,공,특수관계인으로부터기타유가증권매수
75,005380,Y,현대자동차,임호,20160401,20160401001837,,임원ㆍ주요주주특정증권등소유상황보고서
76,005380,Y,현대자동차,현대자동차,20160401,20160401800423,유,영업(잠정)실적(공정공시)
77,005380,Y,현대자동차,현대자동차,20160330,20160330003641,연,사업보고서 (2015.12)
78,005380,Y,현대자동차,현대자동차,20160328,20160328000808,공,특수관계인으로부터기타유가증권매수
79,005380,Y,현대자동차,현대자동차,20160325,20160325001303,공,특수관계인으로부터기타유가증권매수
80,005380,Y,현대자동차,안진회계법인,20160324,20160324000046,,연결감사보고서 (2015.12)
81,005380,Y,현대자동차,안진회계법인,20160324,20160324000045,,감사보고서 (2015.12)
82,005380,Y,현대자동차,현영길,20160323,20160323000455,,임원ㆍ주요주주특정증권등소유상황보고서
83,005380,Y,현대자동차,현대자동차,20160318,20160318000576,공,특수관계인으로부터기타유가증권매수
84,005380,Y,현대자동차,현대자동차,20160317,20160317800047,유,기타경영사항(자율공시)
85,005380,Y,현대자동차,현대자동차,20160315,20160315000352,공,특수관계인으로부터기타유가증권매수
86,005380,Y,현대자동차,현대자동차,20160315,20160315800762,유,기업설명회(IR)개최(안내공시)
87,005380,Y,현대자동차,현대모비스,20160314,20160314000648,,주식등의대량보유상황보고서(일반)
88,005380,Y,현대자동차,현대자동차,20160314,20160314800735,유,최대주주등소유주식변동신고서
89,005380,Y,현대자동차,현대자동차,20160311,20160311801126,유,정기주주총회결과
90,005380,Y,현대자동차,현대자동차,20160311,20160311800967,유,대표이사(대표집행임원)변경(안내공시)
91,005380,Y,현대자동차,현대자동차,20160311,20160311000520,,사외이사의선임ㆍ해임또는중도퇴임에관한신고
92,005380,Y,현대자동차,현대자동차,20160311,20160311000516,,사외이사의선임ㆍ해임또는중도퇴임에관한신고
93,005380,Y,현대자동차,현대자동차,20160309,20160309000504,공,특수관계인으로부터기타유가증권매수
94,005380,Y,현대자동차,현대자동차,20160308,20160308000427,공,특수관계인으로부터기타유가증권매수
95,005380,Y,현대자동차,현대자동차,20160302,20160302800462,유,기업설명회(IR)개최(안내공시)
96,005380,Y,현대자동차,현대자동차,20160302,20160302800282,유,영업(잠정)실적(공정공시)
97,005380,Y,현대자동차,현대자동차,20160229,20160229000041,공,대규모기업집단현황공시[분기별공시(대표회사용)]
98,005380,Y,현대자동차,현대자동차,20160225,20160225801128,유,감사보고서제출
99,005380,Y,현대자동차,현대자동차,20160218,20160218000258,,주주총회소집공고
0,005380,Y,현대자동차,현대자동차,20160218,20160218000258,,주주총회소집공고
1,005380,Y,현대자동차,현대자동차,20160218,20160218000255,,참고서류
2,005380,Y,현대자동차,현대자동차,20160218,20160218800535,유,주주총회소집결의
3,005380,Y,현대자동차,현대자동차,20160212,20160212800840,유,기업설명회(IR)개최(안내공시)
4,005380,Y,현대자동차,현대자동차,20160212,20160212000337,공,동일인등출자계열회사와의상품ㆍ용역거래변경
5,005380,Y,현대자동차,현대자동차,20160211,20160211000314,,자기주식처분결과보고서
6,005380,Y,현대자동차,현대자동차,20160201,20160201800448,유,영업(잠정)실적(공정공시)
7,005380,Y,현대자동차,현대자동차,20160126,20160126800485,유,공정거래자율준수프로그램운영현황(안내공시)
8,005380,Y,현대자동차,현대자동차,20160126,20160126000213,공,약관에의한금융거래시계열금융회사의거래상대방의공시
9,005380,Y,현대자동차,현대자동차,20160126,20160126000210,공,동일인등출자계열회사와의상품ㆍ용역거래
10,005380,Y,현대자동차,현대자동차,20160126,20160126800230,유,매출액또는손익구조30%(대규모법인은15%)이상변경
11,005380,Y,현대자동차,현대자동차,20160126,20160126800244,유,현금ㆍ현물배당결정
12,005380,Y,현대자동차,현대자동차,20160126,20160126800215,유,연결재무제표기준영업(잠정)실적(공정공시)
13,005380,Y,현대자동차,현대자동차,20160122,20160122000231,,자기주식취득결과보고서
14,005380,Y,현대자동차,현대자동차,20160115,20160115800379,유,기업설명회(IR)개최(안내공시)
15,005380,Y,현대자동차,현대자동차,20160108,20160108000530,공,계열금융회사를거래상대방으로한단기금융상품거래의분기별공시
16,005380,Y,현대자동차,박종술,20160108,20160108000236,,임원ㆍ주요주주특정증권등소유상황보고서
17,005380,Y,현대자동차,최규헌,20160108,20160108000232,,임원ㆍ주요주주특정증권등소유상황보고서
18,005380,Y,현대자동차,조임상,20160108,20160108000225,,임원ㆍ주요주주특정증권등소유상황보고서
19,005380,Y,현대자동차,정완덕,20160108,20160108000218,,임원ㆍ주요주주특정증권등소유상황보고서
20,005380,Y,현대자동차,정상빈,20160108,20160108000213,,임원ㆍ주요주주특정증권등소유상황보고서
21,005380,Y,현대자동차,전제록,20160108,20160108000205,,임원ㆍ주요주주특정증권등소유상황보고서
22,005380,Y,현대자동차,전범준,20160108,20160108000202,,임원ㆍ주요주주특정증권등소유상황보고서
23,005380,Y,현대자동차,장덕상,20160108,20160108000196,,임원ㆍ주요주주특정증권등소유상황보고서
24,005380,Y,현대자동차,임경택,20160108,20160108000191,,임원ㆍ주요주주특정증권등소유상황보고서
25,005380,Y,현대자동차,이진주,20160108,20160108000176,,임원ㆍ주요주주특정증권등소유상황보고서
26,005380,Y,현대자동차,이재철,20160108,20160108000168,,임원ㆍ주요주주특정증권등소유상황보고서
27,005380,Y,현대자동차,이재운,20160108,20160108000167,,임원ㆍ주요주주특정증권등소유상황보고서
28,005380,Y,현대자동차,이용희,20160108,20160108000140,,임원ㆍ주요주주특정증권등소유상황보고서
29,005380,Y,현대자동차,이병훈,20160108,20160108000139,,임원ㆍ주요주주특정증권등소유상황보고서
30,005380,Y,현대자동차,이민호,20160108,20160108000136,,임원ㆍ주요주주특정증권등소유상황보고서
31,005380,Y,현대자동차,이기행,20160108,20160108000129,,임원ㆍ주요주주특정증권등소유상황보고서
32,005380,Y,현대자동차,유근혁,20160108,20160108000116,,임원ㆍ주요주주특정증권등소유상황보고서
33,005380,Y,현대자동차,안병주,20160108,20160108000094,,임원ㆍ주요주주특정증권등소유상황보고서
34,005380,Y,현대자동차,유창승,20160108,20160108000088,,임원ㆍ주요주주특정증권등소유상황보고서
35,005380,Y,현대자동차,김흥수,20160108,20160108000085,,임원ㆍ주요주주특정증권등소유상황보고서
36,005380,Y,현대자동차,김정철,20160108,20160108000084,,임원ㆍ주요주주특정증권등소유상황보고서
37,005380,Y,현대자동차,김익수,20160108,20160108000079,,임원ㆍ주요주주특정증권등소유상황보고서
38,005380,Y,현대자동차,김민수,20160108,20160108000071,,임원ㆍ주요주주특정증권등소유상황보고서
39,005380,Y,현대자동차,김대성,20160108,20160108000069,,임원ㆍ주요주주특정증권등소유상황보고서
40,005380,Y,현대자동차,김기완,20160108,20160108000068,,임원ㆍ주요주주특정증권등소유상황보고서
41,005380,Y,현대자동차,강순영,20160108,20160108000064,,임원ㆍ주요주주특정증권등소유상황보고서
42,005380,Y,현대자동차,현대자동차,20160107,20160107000547,공,[기재정정]대규모기업집단현황공시[분기별공시(대표회사용)]
43,005380,Y,현대자동차,심현성,20160107,20160107000411,,임원ㆍ주요주주특정증권등소유상황보고서
44,005380,Y,현대자동차,오석구,20160107,20160107000409,,임원ㆍ주요주주특정증권등소유상황보고서
45,005380,Y,현대자동차,박병일,20160107,20160107000406,,임원ㆍ주요주주특정증권등소유상황보고서
46,005380,Y,현대자동차,이은우,20160107,20160107000403,,임원ㆍ주요주주특정증권등소유상황보고서
47,005380,Y,현대자동차,배민규,20160107,20160107000398,,임원ㆍ주요주주특정증권등소유상황보고서
48,005380,Y,현대자동차,양봉규,20160107,20160107000393,,임원ㆍ주요주주특정증권등소유상황보고서
49,005380,Y,현대자동차,김종율,20160107,20160107000387,,임원ㆍ주요주주특정증권등소유상황보고서
50,005380,Y,현대자동차,고을석,20160107,20160107000374,,임원ㆍ주요주주특정증권등소유상황보고서
51,005380,Y,현대자동차,이병섭,20160107,20160107000369,,임원ㆍ주요주주특정증권등소유상황보고서
52,005380,Y,현대자동차,이경재,20160107,20160107000351,,임원ㆍ주요주주특정증권등소유상황보고서
53,005380,Y,현대자동차,곽병해,20160107,20160107000315,,임원ㆍ주요주주특정증권등소유상황보고서
54,005380,Y,현대자동차,이광윤,20160107,20160107000311,,임원ㆍ주요주주특정증권등소유상황보고서
55,005380,Y,현대자동차,이인구,20160107,20160107000307,,임원ㆍ주요주주특정증권등소유상황보고서
56,005380,Y,현대자동차,현대모비스,20160105,20160105000552,,주식등의대량보유상황보고서(일반)
57,005380,Y,현대자동차,김충호,20160105,20160105000522,,임원ㆍ주요주주특정증권등소유상황보고서
58,005380,Y,현대자동차,현대자동차,20160105,20160105800635,유,최대주주등소유주식변동신고서
59,005380,Y,현대자동차,현대자동차,20160104,20160104800594,유,대표이사(대표집행임원)변경(안내공시)
60,005380,Y,현대자동차,현대자동차,20160104,20160104000435,,주요사항보고서(자기주식처분결정)
61,005380,Y,현대자동차,현대자동차,20160104,20160104000426,,주요사항보고서(자기주식취득결정)
62,005380,Y,현대자동차,현대자동차,20160104,20160104800347,유,영업(잠정)실적(공정공시)
63,005380,Y,현대자동차,현대자동차,20160104,20160104800004,유,영업실적등에대한전망(공정공시)
0,005380,Y,현대자동차,현대자동차,20160104,20160104800594,유,대표이사(대표집행임원)변경(안내공시)
1,005380,Y,현대자동차,현대자동차,20160104,20160104000435,,주요사항보고서(자기주식처분결정)
2,005380,Y,현대자동차,현대자동차,20160104,20160104000426,,주요사항보고서(자기주식취득결정)
3,005380,Y,현대자동차,현대자동차,20160104,20160104800347,유,영업(잠정)실적(공정공시)
4,005380,Y,현대자동차,현대자동차,20160104,20160104800004,유,영업실적등에대한전망(공정공시)
